chair,201,25,60,75,1594373709326128783.png,346,260
chair,208,34,58,75,1594373709701129783.png,346,260
chair,212,33,58,73,1594373709851129783.png,346,260
chair,214,31,57,74,1594373709876129783.png,346,260
chair,217,41,57,72,1594373709976129783.png,346,260
chair,214,49,58,56,1594373710126129783.png,346,260
chair,211,47,57,59,1594373710201129783.png,346,260
chair,210,47,58,56,1594373710226129783.png,346,260
chair,202,44,57,56,1594373710301129783.png,346,260
chair,200,44,58,57,1594373710326129783.png,346,260
chair,198,46,57,57,1594373710351129783.png,346,260
chair,197,47,58,56,1594373710376129783.png,346,260
chair,195,48,57,55,1594373710401129783.png,346,260
chair,193,46,57,55,1594373710426129783.png,346,260
chair,192,41,54,56,1594373710451129783.png,346,260
chair,188,36,56,57,1594373710476129783.png,346,260
chair,188,32,53,47,1594373710501130783.png,346,260
chair,184,30,54,45,1594373710526130783.png,346,260
chair,183,31,53,46,1594373710551130783.png,346,260
chair,182,30,51,47,1594373710576130783.png,346,260
chair,181,29,52,49,1594373710601130783.png,346,260
chair,177,27,55,44,1594373710626130783.png,346,260
chair,180,28,51,48,1594373710651130783.png,346,260
chair,180,29,51,48,1594373710676130783.png,346,260
chair,181,29,51,48,1594373710701130783.png,346,260
chair,180,26,53,49,1594373710726130783.png,346,260
chair,179,23,53,48,1594373710751130783.png,346,260
chair,179,20,51,50,1594373710776130783.png,346,260
chair,180,24,53,46,1594373710801130783.png,346,260
chair,183,25,51,49,1594373710826130783.png,346,260
chair,184,27,52,48,1594373710851130783.png,346,260
chair,184,28,52,49,1594373710876130783.png,346,260
chair,185,28,51,47,1594373710901130783.png,346,260
chair,186,26,50,47,1594373710926130783.png,346,260
chair,187,24,51,47,1594373710951130783.png,346,260
chair,188,26,52,46,1594373710976130783.png,346,260
chair,188,27,53,45,1594373711001130783.png,346,260
chair,191,26,50,46,1594373711026130783.png,346,260
chair,191,24,51,44,1594373711051130783.png,346,260
chair,191,19,52,46,1594373711076130783.png,346,260
chair,190,16,52,45,1594373711101130783.png,346,260
chair,190,15,52,45,1594373711126130783.png,346,260
chair,192,18,53,46,1594373711151130783.png,346,260
chair,194,20,52,48,1594373711176130783.png,346,260
chair,195,20,51,44,1594373711201130783.png,346,260
chair,195,18,51,45,1594373711226130783.png,346,260
chair,198,18,51,45,1594373711251130783.png,346,260
chair,199,21,51,45,1594373711276131783.png,346,260
chair,199,22,51,44,1594373711301131783.png,346,260
chair,199,22,50,45,1594373711326131783.png,346,260
chair,198,23,53,45,1594373711351131783.png,346,260
chair,200,23,51,46,1594373711376131783.png,346,260
chair,199,23,52,42,1594373711401131783.png,346,260
chair,199,23,51,46,1594373711426131783.png,346,260
chair,200,23,51,46,1594373711451131783.png,346,260
chair,201,25,52,45,1594373711476131783.png,346,260
chair,201,25,51,43,1594373711501131783.png,346,260
chair,201,26,52,44,1594373711526131783.png,346,260
chair,203,25,49,45,1594373711551131783.png,346,260
chair,204,24,52,46,1594373711576131783.png,346,260
chair,204,25,51,44,1594373711601131783.png,346,260
chair,206,24,51,45,1594373711626131783.png,346,260
chair,210,22,52,45,1594373711651131783.png,346,260
chair,212,18,52,46,1594373711676131783.png,346,260
chair,213,14,52,51,1594373711701131783.png,346,260
chair,213,12,52,49,1594373711726131783.png,346,260
chair,215,12,50,51,1594373711751131783.png,346,260
chair,216,13,50,46,1594373711776131783.png,346,260
chair,215,14,50,51,1594373711801131783.png,346,260
chair,215,15,50,48,1594373711826131783.png,346,260
chair,214,18,50,47,1594373711851131783.png,346,260
chair,215,21,51,47,1594373711876131783.png,346,260
chair,214,22,48,48,1594373711901131783.png,346,260
chair,212,25,50,48,1594373711926131783.png,346,260
chair,211,29,52,47,1594373711951131783.png,346,260
chair,212,33,50,47,1594373711976131783.png,346,260
chair,211,38,50,47,1594373712001131783.png,346,260
chair,210,42,50,46,1594373712026131783.png,346,260
chair,209,44,51,49,1594373712051132783.png,346,260
chair,212,47,49,48,1594373712076132783.png,346,260
chair,211,51,50,47,1594373712101132783.png,346,260
chair,212,52,49,46,1594373712126132783.png,346,260
chair,213,51,48,47,1594373712151132783.png,346,260
chair,213,53,48,47,1594373712176132783.png,346,260
chair,214,54,48,47,1594373712201132783.png,346,260
chair,214,56,49,48,1594373712226132783.png,346,260
chair,213,58,50,47,1594373712251132783.png,346,260
chair,212,58,49,47,1594373712276132783.png,346,260
chair,208,55,49,47,1594373712301132783.png,346,260
chair,206,52,48,48,1594373712326132783.png,346,260
chair,205,51,50,47,1594373712351132783.png,346,260
chair,206,51,49,46,1594373712376132783.png,346,260
chair,206,49,51,48,1594373712401132783.png,346,260
chair,206,51,48,47,1594373712426132783.png,346,260
chair,209,54,47,47,1594373712451132783.png,346,260
chair,211,55,48,47,1594373712476132783.png,346,260
chair,211,57,49,47,1594373712501132783.png,346,260
chair,212,54,48,46,1594373712526132783.png,346,260
chair,214,52,47,46,1594373712551132783.png,346,260
chair,211,51,49,46,1594373712576132783.png,346,260
chair,212,51,47,46,1594373712601132783.png,346,260
chair,212,52,48,46,1594373712626132783.png,346,260
chair,211,54,49,45,1594373712651132783.png,346,260
chair,210,52,48,47,1594373712676132783.png,346,260
chair,209,49,47,46,1594373712701132783.png,346,260
chair,208,47,47,46,1594373712726132783.png,346,260
chair,209,46,47,46,1594373712751132783.png,346,260
chair,212,48,48,46,1594373712776132783.png,346,260
chair,214,51,47,46,1594373712801132783.png,346,260
chair,213,52,47,47,1594373712826133783.png,346,260
chair,213,53,47,46,1594373712851133783.png,346,260
chair,215,55,47,46,1594373712876133783.png,346,260
chair,218,56,47,46,1594373712901133783.png,346,260
chair,219,57,47,47,1594373712926133783.png,346,260
chair,221,57,47,47,1594373712951133783.png,346,260
chair,222,59,47,47,1594373713026133783.png,346,260
chair,224,63,47,47,1594373713051133783.png,346,260
chair,225,66,48,48,1594373713076133783.png,346,260
chair,227,69,47,48,1594373713101133783.png,346,260
chair,228,71,47,47,1594373713126133783.png,346,260
chair,228,70,48,48,1594373713151133783.png,346,260
chair,228,68,47,48,1594373713176133783.png,346,260
chair,228,67,47,48,1594373713201133783.png,346,260
chair,229,68,46,49,1594373713226133783.png,346,260
chair,230,68,46,49,1594373713251133783.png,346,260
chair,231,68,46,49,1594373713276133783.png,346,260
chair,232,70,47,50,1594373713301133783.png,346,260
chair,234,73,46,50,1594373713326133783.png,346,260
chair,235,76,47,49,1594373713351133783.png,346,260
chair,235,77,47,50,1594373713376133783.png,346,260
chair,234,77,47,50,1594373713401133783.png,346,260
chair,236,76,47,49,1594373713426133783.png,346,260
chair,241,74,47,50,1594373713476133783.png,346,260
chair,241,82,46,50,1594373713551133783.png,346,260
chair,244,84,47,50,1594373713576133783.png,346,260
chair,244,84,46,51,1594373713601134783.png,346,260
chair,244,82,47,50,1594373713626134783.png,346,260
chair,241,80,47,50,1594373713651134783.png,346,260
chair,241,79,47,49,1594373713676134783.png,346,260
chair,241,76,47,51,1594373713701134783.png,346,260
chair,240,76,47,50,1594373713726134783.png,346,260
chair,240,75,46,50,1594373713751134783.png,346,260
chair,241,77,47,50,1594373713776134783.png,346,260
chair,242,80,47,50,1594373713801134783.png,346,260
chair,255,79,47,50,1594373713926134783.png,346,260
chair,257,79,48,48,1594373713951134783.png,346,260
chair,258,79,49,49,1594373713976134783.png,346,260
chair,260,80,48,49,1594373714001134783.png,346,260
chair,260,82,49,48,1594373714026134783.png,346,260
chair,263,82,47,49,1594373714051134783.png,346,260
chair,264,81,49,49,1594373714076134783.png,346,260
chair,265,79,49,48,1594373714101134783.png,346,260
chair,266,77,49,47,1594373714126134783.png,346,260
chair,267,76,48,49,1594373714151134783.png,346,260
chair,266,76,49,49,1594373714176134783.png,346,260
chair,266,77,48,50,1594373714201134783.png,346,260
chair,267,80,48,49,1594373714226134783.png,346,260
chair,267,80,49,51,1594373714251134783.png,346,260
chair,266,79,50,50,1594373714276134783.png,346,260
chair,264,75,48,50,1594373714301134783.png,346,260
chair,261,71,48,50,1594373714326134783.png,346,260
chair,259,70,48,50,1594373714351134783.png,346,260
chair,258,76,48,50,1594373714401135783.png,346,260
chair,256,79,49,50,1594373714426135783.png,346,260
chair,257,79,49,51,1594373714451135783.png,346,260
chair,260,80,49,50,1594373714476135783.png,346,260
chair,262,79,48,51,1594373714501135783.png,346,260
chair,261,79,48,52,1594373714526135783.png,346,260
chair,260,80,48,52,1594373714551135783.png,346,260
chair,259,88,49,52,1594373714601135783.png,346,260
chair,258,92,49,49,1594373714626135783.png,346,260
chair,255,92,50,52,1594373714651135783.png,346,260
chair,255,94,50,52,1594373714676135783.png,346,260
chair,256,92,50,52,1594373714701135783.png,346,260
chair,257,88,50,51,1594373714726135783.png,346,260
chair,255,86,51,51,1594373714751135783.png,346,260
chair,256,85,49,52,1594373714776135783.png,346,260
chair,255,85,50,53,1594373714801135783.png,346,260
chair,256,88,50,52,1594373714826135783.png,346,260
chair,256,89,49,52,1594373714851135783.png,346,260
chair,255,90,50,49,1594373714876135783.png,346,260
chair,253,85,50,51,1594373714976135783.png,346,260
chair,234,80,51,50,1594373715576136783.png,346,260
chair,233,79,50,50,1594373715601136783.png,346,260
chair,234,80,51,50,1594373715626136783.png,346,260
chair,234,79,50,51,1594373715651136783.png,346,260
chair,234,79,50,50,1594373715676136783.png,346,260
chair,230,76,51,50,1594373715726136783.png,346,260
chair,228,77,52,52,1594373715751136783.png,346,260
chair,253,69,55,52,1594373716901138783.png,346,260
chair,253,70,55,52,1594373716901138783.png,346,260
chair,253,68,57,52,1594373716951138783.png,346,260
chair,253,69,58,53,1594373716976138783.png,346,260
chair,254,69,57,54,1594373717001138783.png,346,260
chair,255,71,57,52,1594373717026138783.png,346,260
chair,254,74,58,54,1594373717151138783.png,346,260
chair,232,79,58,58,1594373717351138783.png,346,260
chair,210,74,57,61,1594373718851140783.png,346,260
chair,209,73,57,59,1594373718876140783.png,346,260
chair,186,55,60,94,1594373703176120783.png,346,260
chair,256,73,55,59,1594373717101138783.png,346,260
chair,209,75,57,59,1594373718826140783.png,346,260